
{
  "all": [

    {
      "avatar": "https://avatars0.githubusercontent.com/u/39191?v=4",
      "name": "Paul Irish",
      "website": "https://www.paulirish.com/",
      "github": "https://github.com/paulirish",
      "twitter": "https://twitter.com/paul_irish"
    },
    {
      "avatar": "https://avatars0.githubusercontent.com/u/459713?v=4",
      "name": "Darcy Clarke",
      "website": "https://darcyclarke.me",
      "github": "https://github.com/darcyclarke",
      "twitter": "https://twitter.com/darcy"
    },
    {
      "avatar": "https://avatars1.githubusercontent.com/u/85315?s=460&v=4",
      "name": "Ben Truyman",
      "website": "",
      "github": "https://github.com/bentruyman",
      "twitter": "https://twitter.com/bentruyman"
    },
    {
      "avatar": "https://avatars1.githubusercontent.com/u/54051?s=460&v=4",
      "name": "Ben Alman",
      "website": "http://benalman.com/",
      "github": "https://github.com/cowboy",
      "twitter": "https://twitter.com/cowboy"
    },
    {
      "avatar": "https://avatars1.githubusercontent.com/u/155599?s=460&v=4",
      "name": "Adam Sontag",
      "website": "http://ajpiano.com/",
      "github": "https://github.com/ajpiano",
      "twitter": "https://twitter.com/ajpiano"
    },
    {
      "avatar": "https://avatars1.githubusercontent.com/u/96554?s=460&v=4",
      "name": "Alex Sexton",
      "website": "https://alexsexton.com/",
      "github": "https://github.com/slexaxton",
      "twitter": "https://twitter.com/slexaxton"
    },
    {
      "avatar": "https://avatars1.githubusercontent.com/u/234160?s=460&v=4",
      "name": "Roger Raymond",
      "website": "http://asphyxia.com/",
      "github": "https://github.com/iansym",
      "twitter": "https://twitter.com/iansym"
    },
    {
      "avatar": "https://avatars1.githubusercontent.com/u/58987?s=460&v=4",
      "name": "Rebecca Murphey",
      "website": "https://rmurphey.com/",
      "github": "https://github.com/rmurphey",
      "twitter": "https://twitter.com/rmurphey"
    },
    {
      "avatar": "https://avatars1.githubusercontent.com/u/122117?s=460&v=4",
      "name": "Boaz Sender",
      "website": "http://boazsender.com/",
      "github": "https://github.com/boazsender",
      "twitter": "https://twitter.com/boazsender"
    },
    {
      "avatar": "https://avatars1.githubusercontent.com/u/67283?s=460&v=4",
      "name": "Mike Taylor",
      "website": "https://miketaylr.com/",
      "github": "https://github.com/miketaylr",
      "twitter": "https://twitter.com/miketaylr"
    },
    {
      "avatar": "https://avatars1.githubusercontent.com/u/128755?s=460&v=4",
      "name": "Vlad Filippov",
      "website": "https://vladfilippov.com/",
      "github": "https://github.com/vladikoff",
      "twitter": "https://twitter.com/vladikoff"
    },
    {
      "avatar": "https://avatars1.githubusercontent.com/u/18397?s=460&v=4",
      "name": "Gianni Chiappetta",
      "website": "http://turnt.biz/",
      "github": "https://github.com/gf3",
      "twitter": "https://twitter.com/gf3"
    },
    {
      "avatar": "https://avatars1.githubusercontent.com/u/188426?s=460&v=4",
      "name": "Jonathan Neal",
      "website": "https://jonneal.dev/",
      "github": "https://github.com/jonathantneal",
      "twitter": "https://twitter.com/jon_neal"
    },
    {
      "avatar": "https://avatars1.githubusercontent.com/u/84644?s=460&v=4",
      "name": "Sam Breed",
      "website": "https://wookiehangover.com/",
      "github": "https://github.com/wookiehangover",
      "twitter": "https://twitter.com/sambreed"
    }
  ]
}
