
{
  "all": [
    {
      "abbreviation": "General",
      "title": "General Questions",
      "url": "/questions/general-questions/",
      "external": false
    },
    {
      "abbreviation": "HTML",
      "title": "HTML Questions",
      "url": "/questions/html-questions/",
      "external": false
    },
    {
      "abbreviation": "CSS",
      "title": "CSS Questions",
      "url": "/questions/css-questions/",
      "external": false
    },
    {
      "abbreviation": "JavaScript",
      "title": "JavaScript Questions",
      "url": "/questions/javascript-questions/",
      "external": false
    },
    {
      "abbreviation": "A11y",
      "title": "Accessibility Questions",
      "url": "https://scottaohara.github.io/accessibility_interview_questions/",
      "external": true
    },
    {
      "abbreviation": "Testing",
      "title": "Testing Questions",
      "url": "/questions/testing-questions/",
      "external": false
    },
    {
      "abbreviation": "Performance",
      "title": "Performance Questions",
      "url": "/questions/performance-questions/",
      "external": false
    },
    {
      "abbreviation": "Network",
      "title": "Network Questions",
      "url": "/questions/network-questions/",
      "external": false
    },
    {
      "abbreviation": "Coding",
      "title": "Coding Questions",
      "url": "/questions/coding-questions/",
      "external": false
    },
    {
      "abbreviation": "Fun",
      "title": "Fun Questions",
      "url": "/questions/fun-questions/",
      "external": false
    }
  ]
}
